model,mse,rmse,r2,pearson
Cascade LightGBM,0.00016195756426297143,0.012726254918984273,0.8767524473071685,0.9421694661802328
