model,mse,rmse,r2,pearson
GBDT Model 1,0.00014666862713852956,0.012110682356437624,0.8883871251466207,0.9466102438061932
