model,mse,r2,pearson
basic_cnn_2d,0.004204225096385093,-2.1993593905741027,-0.02241090706004082
