model,mse,r2,pearson
basic_cnn,0.007071286850461408,-4.381155259246049,-0.01632973250748924
