model,pearson,mse,r2
混合模型,-0.0821891607164005,0.0013996523574195,-0.0651168314226995
