model,mse,r2,pearson
hybrid_model,0.001399652357419571,-0.06511683142269953,-0.08218916071640055
