model,mse,r2,pearson
multiscale_cnn,0.0030575757737590957,-1.3267745041955799,-0.011233691619179398
