model,mse,r2,pearson
multiscale_cnn_2d,0.015880757770633584,-11.085045481174523,-0.014314020055397543
