model,mse,r2,pearson
resnet_cnn_2d,0.0013145514656669585,-0.00035618447040985934,0.023261505435574148
