model,mse,r2,pearson
resnet_cnn,0.0013167036660722093,-0.0019939803588500116,0.0044191813266513825
