Feature,R2_Linear,R2_Poly2,R2_Poly3
X9,0.02849317046561406,0.02915610478669317,0.04297087245922682
X1,0.015521757576788975,0.016079125637703084,0.01854439079933312
X13,0.013565818392782925,0.016141742733034148,0.02137409264306389
X12,0.012279551751611995,0.012401349238879256,0.02546168202693677
X10,0.012099833631643464,0.012323233691288071,0.013403632223425
